name,id_code
John Doe,10001
Jane Smith,10002
Robert Johnson,10003
Alice Williams,10004
Charlie Brown,10005
Eva Davis,10006
Frank Miller,10007
Grace Taylor,10008
Henry Harris,10009
Ivy Clark,10010
Jack White,10011
Karen Anderson,10012
Larry Evans,10013
Mia Turner,10014
Nathan Parker,10015
Olivia Harris,10016
Paul Smith,10017
Quinn Davis,10018
Rachel Brown,10019
Samuel Thompson,10020
Tina Garcia,10021
Ulysses Baker,10022
Victoria Reed,10023
Walter Allen,10024
Xena King,10025
Yasmine Lee,10026
Zachary Taylor,10027
Abigail Martinez,10028
Benjamin Hall,10029
Catherine Rogers,10030
David Wilson,10031
Emma Garcia,10032
Felix Miller,10033
Gabrielle Turner,10034
Harry Brown,10035
Isabel Carter,10036
James Smith,10037
Katherine Davis,10038
Liam Johnson,10039
Megan Turner,10040
Nolan Harris,10041
Olivia Reed,10042
Parker White,10043
Quincy Evans,10044
Rebecca Martin,10045
Steven Anderson,10046
Tiffany Lee,10047
Ulysses Davis,10048
Vanessa Taylor,10049
Walter Baker,10050
Xavier Garcia,10051
Yvonne Turner,10052
Zane Mitchell,10053
Amelia Harris,10054
Brian Martinez,10055
Chloe Turner,10056
Daniel Smith,10057
Emily Hall,10058
Fernando Rogers,10059
Grace Turner,10060
Hector Miller,10061
Isabella Lee,10062
Jacob Davis,10063
Kaitlyn Baker,10064
Landon Martin,10065
Mia Turner,10066
Noah Anderson,10067
Olivia White,10068
Penelope Harris,10069
Quinn Turner,10070
Ryan Evans,10071
Sophia Garcia,10072
Theodore Baker,10073
Ursula Lee,10074
Vincent Wilson,10075
Wendy Turner,10076
Xander Mitchell,10077
Yasmine Davis,10078
Zackary Turner,10079
Abigail Harris,10080
Brandon White,10081
Charlotte Turner,10082
David Martin,10083
Emma Baker,10084
Finn Turner,10085
Grace Evans,10086
Harrison Garcia,10087
Alex Morales Hall,10088
Joseph Wilson,10089
Kylie Lee,10090
Liam Turner,10091
Mia Turner,10092
Nolan Anderson,10093
Olivia White,10094
Parker Harris,10095
Quincy Evans,10096
Rebecca Garcia,10097
Steven Baker,10098
Tiffany Lee,10099
Ulysses Davis,10100
